[{"model": "mainapp.productcategory", "pk": 1, "fields": {"name": "\u041d\u0430 1 \u043a\u043e\u043b\u044c\u0446\u043e", "description": "\u041a\u043e\u0440\u043e\u0431\u043a\u0438 \u043d\u0430 1 \u043a\u043e\u043b\u044c\u0446\u043e", "is_active": true}}, {"model": "mainapp.productcategory", "pk": 2, "fields": {"name": "\u041d\u0430 2 \u043a\u043e\u043b\u044c\u0446\u0430", "description": "\u041a\u043e\u0440\u043e\u0431\u043a\u0438 \u0434\u043b\u044f \u0434\u0432\u0443\u0445 \u043a\u043e\u043b\u0435\u0446", "is_active": true}}, {"model": "mainapp.productcategory", "pk": 3, "fields": {"name": "\u041d\u0430 3 \u043a\u043e\u043b\u044c\u0446\u0430", "description": "\u041a\u043e\u0440\u043e\u0431\u043a\u0438 \u0434\u043b\u044f \u0442\u0440\u0435\u0445 \u043a\u043e\u043b\u0435\u0446", "is_active": true}}, {"model": "mainapp.productcategory", "pk": 4, "fields": {"name": "\u041e\u043a\u0442\u0430\u0433\u043e\u043d", "description": "\u041a\u043e\u0440\u043e\u0431\u043a\u0438 \u0432\u043e\u0441\u044c\u043c\u0438\u0443\u0433\u043e\u043b\u044c\u043d\u043e\u0439 \u0444\u043e\u0440\u043c\u044b", "is_active": true}}, {"model": "mainapp.product", "pk": 1, "fields": {"category": 1, "name": "Vintage Rose", "image": "product_images/product-31.jpg", "short_desc": "\u0411\u0430\u0440\u0445\u0430\u0442\u043d\u0430\u044f \u043a\u043e\u0440\u043e\u0431\u043e\u0447\u043a\u0430 \u0440\u043e\u0437\u043e\u0432\u043e\u0433\u043e \u0446\u0432\u0435\u0442\u0430 \u0441 \u0441\u0435\u0440\u043e-\u0431\u0435\u0436\u0435\u0432\u044b\u043c \u043e\u0442\u0442\u0435\u043d\u043a\u043e\u043c.", "description": "\u041a\u043e\u0440\u043e\u0431\u043e\u0447\u043a\u0430 \u0434\u043b\u044f 1 \u043a\u043e\u043b\u044c\u0446\u0430 \u0438\u043c\u0435\u0435\u0442 \u0440\u0430\u0437\u043c\u0435\u0440 35\u043c\u043c*35\u043c\u043c*35\u043c\u043c \u0438 \u043f\u043e\u0434\u0445\u043e\u0434\u0438\u0442 \u0434\u043b\u044f \u043a\u043e\u043b\u044c\u0446\u0430 \u0434\u0438\u0430\u043c\u0435\u0442\u0440\u043e\u043c \u0438 \u0432\u044b\u0441\u043e\u0442\u043e\u0439 \u043d\u0435 \u0431\u043e\u043b\u0435\u0435 25\u043c\u043c \u0438 \u0442\u043e\u043b\u0449\u0438\u043d\u043e\u0439 \u043d\u0435 \u0431\u043e\u043b\u0435\u0435 7\u043c\u043c.", "price": "1200.00", "quantity": 108, "is_active": true}}, {"model": "mainapp.product", "pk": 2, "fields": {"category": 2, "name": "Pearl", "image": "product_images/product-11_DzdPQD0.jpg", "short_desc": "\u0411\u0430\u0440\u0445\u0430\u0442\u043d\u0430\u044f \u043a\u043e\u0440\u043e\u0431\u043e\u0447\u043a\u0430 \u0441\u0432\u0435\u0442\u043b\u043e-\u0441\u0435\u0440\u043e\u0433\u043e \u0446\u0432\u0435\u0442\u0430.", "description": "\u041a\u043e\u0440\u043e\u0431\u043e\u0447\u043a\u0430 \u0434\u043b\u044f 2 \u043a\u043e\u043b\u0435\u0446 \u0438\u043c\u0435\u0435\u0442 \u0440\u0430\u0437\u043c\u0435\u0440 40\u043c\u043c*40\u043c\u043c*40\u043c\u043c \u0438 \u043f\u043e\u0434\u0445\u043e\u0434\u0438\u0442 \u0434\u043b\u044f 2 \u043a\u043e\u043b\u0435\u0446 \u0434\u0438\u0430\u043c\u0435\u0442\u0440\u043e\u043c \u0438 \u0432\u044b\u0441\u043e\u0442\u043e\u0439 \u043d\u0435 \u0431\u043e\u043b\u0435\u0435 25\u043c\u043c \u0438 \u0442\u043e\u043b\u0449\u0438\u043d\u043e\u0439 \u043d\u0435 \u0431\u043e\u043b\u0435\u0435 6\u043c\u043c.", "price": "1800.00", "quantity": 3, "is_active": true}}, {"model": "mainapp.product", "pk": 3, "fields": {"category": 1, "name": "Pearl", "image": "product_images/product-11_DzdPQD0.jpg", "short_desc": "\u0411\u0430\u0440\u0445\u0430\u0442\u043d\u0430\u044f \u043a\u043e\u0440\u043e\u0431\u043e\u0447\u043a\u0430 \u0441\u0432\u0435\u0442\u043b\u043e-\u0441\u0435\u0440\u043e\u0433\u043e \u0446\u0432\u0435\u0442\u0430.", "description": "\u041a\u043e\u0440\u043e\u0431\u043e\u0447\u043a\u0430 \u0434\u043b\u044f 1 \u043a\u043e\u043b\u044c\u0446\u0430 \u0438\u043c\u0435\u0435\u0442 \u0440\u0430\u0437\u043c\u0435\u0440 35\u043c\u043c*35\u043c\u043c*35\u043c\u043c \u0438 \u043f\u043e\u0434\u0445\u043e\u0434\u0438\u0442 \u0434\u043b\u044f \u043a\u043e\u043b\u044c\u0446\u0430 \u0434\u0438\u0430\u043c\u0435\u0442\u0440\u043e\u043c \u0438 \u0432\u044b\u0441\u043e\u0442\u043e\u0439 \u043d\u0435 \u0431\u043e\u043b\u0435\u0435 25\u043c\u043c \u0438 \u0442\u043e\u043b\u0449\u0438\u043d\u043e\u0439 \u043d\u0435 \u0431\u043e\u043b\u0435\u0435 7\u043c\u043c.", "price": "1200.00", "quantity": 1, "is_active": true}}, {"model": "mainapp.product", "pk": 4, "fields": {"category": 1, "name": "Creme Brulee", "image": "product_images/product-21.jpg", "short_desc": "\u0411\u0430\u0440\u0445\u0430\u0442\u043d\u0430\u044f \u043a\u043e\u0440\u043e\u0431\u043e\u0447\u043a\u0430 \u0442\u0435\u043f\u043b\u043e\u0433\u043e \u0441\u043b\u0438\u0432\u043e\u0447\u043d\u043e\u0433\u043e \u043e\u0442\u0442\u0435\u043d\u043a\u0430.", "description": "\u041a\u043e\u0440\u043e\u0431\u043e\u0447\u043a\u0430 \u0434\u043b\u044f 1 \u043a\u043e\u043b\u044c\u0446\u0430 \u0438\u043c\u0435\u0435\u0442 \u0440\u0430\u0437\u043c\u0435\u0440 35\u043c\u043c*35\u043c\u043c*35\u043c\u043c \u0438 \u043f\u043e\u0434\u0445\u043e\u0434\u0438\u0442 \u0434\u043b\u044f \u043a\u043e\u043b\u044c\u0446\u0430 \u0434\u0438\u0430\u043c\u0435\u0442\u0440\u043e\u043c \u0438 \u0432\u044b\u0441\u043e\u0442\u043e\u0439 \u043d\u0435 \u0431\u043e\u043b\u0435\u0435 25\u043c\u043c \u0438 \u0442\u043e\u043b\u0449\u0438\u043d\u043e\u0439 \u043d\u0435 \u0431\u043e\u043b\u0435\u0435 7\u043c\u043c.", "price": "1200.00", "quantity": 9, "is_active": true}}, {"model": "mainapp.product", "pk": 5, "fields": {"category": 3, "name": "Pistachio", "image": "product_images/product-41_RsxtARr.jpg", "short_desc": "\u0411\u0430\u0440\u0445\u0430\u0442\u043d\u0430\u044f \u043a\u043e\u0440\u043e\u0431\u043e\u0447\u043a\u0430 \u0444\u0438\u0441\u0442\u0430\u0448\u043a\u043e\u0432\u043e\u0433\u043e \u0446\u0432\u0435\u0442\u0430.", "description": "\u041a\u043e\u0440\u043e\u0431\u043e\u0447\u043a\u0430 \u0434\u043b\u044f 3 \u043a\u043e\u043b\u0435\u0446 \u0438\u043c\u0435\u0435\u0442 \u0440\u0430\u0437\u043c\u0435\u0440 50\u043c\u043c*35\u043c\u043c*35\u043c\u043c \u0438 \u043f\u043e\u0434\u0445\u043e\u0434\u0438\u0442 \u0434\u043b\u044f 3 \u043a\u043e\u043b\u0435\u0446 \u0434\u0438\u0430\u043c\u0435\u0442\u0440\u043e\u043c \u0438 \u0432\u044b\u0441\u043e\u0442\u043e\u0439 \u043d\u0435 \u0431\u043e\u043b\u0435\u0435 25\u043c\u043c \u0438 \u0442\u043e\u043b\u0449\u0438\u043d\u043e\u0439 \u043d\u0435 \u0431\u043e\u043b\u0435\u0435 4\u043c\u043c.", "price": "2000.00", "quantity": 108, "is_active": true}}, {"model": "mainapp.product", "pk": 6, "fields": {"category": 1, "name": "Pistachio", "image": "product_images/product-41_RsxtARr.jpg", "short_desc": "\u0411\u0430\u0440\u0445\u0430\u0442\u043d\u0430\u044f \u043a\u043e\u0440\u043e\u0431\u043e\u0447\u043a\u0430 \u0444\u0438\u0441\u0442\u0430\u0448\u043a\u043e\u0432\u043e\u0433\u043e \u0446\u0432\u0435\u0442\u0430.", "description": "\u041a\u043e\u0440\u043e\u0431\u043e\u0447\u043a\u0430 \u0434\u043b\u044f 1 \u043a\u043e\u043b\u044c\u0446\u0430 \u0438\u043c\u0435\u0435\u0442 \u0440\u0430\u0437\u043c\u0435\u0440 35\u043c\u043c*35\u043c\u043c*35\u043c\u043c \u0438 \u043f\u043e\u0434\u0445\u043e\u0434\u0438\u0442 \u0434\u043b\u044f \u043a\u043e\u043b\u044c\u0446\u0430 \u0434\u0438\u0430\u043c\u0435\u0442\u0440\u043e\u043c \u0438 \u0432\u044b\u0441\u043e\u0442\u043e\u0439 \u043d\u0435 \u0431\u043e\u043b\u0435\u0435 25\u043c\u043c \u0438 \u0442\u043e\u043b\u0449\u0438\u043d\u043e\u0439 \u043d\u0435 \u0431\u043e\u043b\u0435\u0435 7\u043c\u043c.", "price": "1200.00", "quantity": 0, "is_active": true}}, {"model": "mainapp.product", "pk": 7, "fields": {"category": 4, "name": "Lavender", "image": "product_images/product-5.jpg", "short_desc": "\u0411\u0430\u0440\u0445\u0430\u0442\u043d\u0430\u044f \u043a\u043e\u0440\u043e\u0431\u043e\u0447\u043a\u0430 \u043d\u0435\u0436\u043d\u043e\u0433\u043e \u043b\u0438\u043b\u043e\u0432\u043e\u0433\u043e \u0446\u0432\u0435\u0442\u0430 \u0441 \u0441\u0435\u0440\u044b\u043c \u043e\u0442\u0442\u0435\u043d\u043a\u043e\u043c.", "description": "", "price": "3000.00", "quantity": 113, "is_active": true}}, {"model": "mainapp.product", "pk": 8, "fields": {"category": 1, "name": "Azure", "image": "product_images/product-6.jpg", "short_desc": "\u0411\u0430\u0440\u0445\u0430\u0442\u043d\u0430\u044f \u043a\u043e\u0440\u043e\u0431\u043e\u0447\u043a\u0430 \u044f\u0440\u043a\u043e-\u0441\u0438\u043d\u0435\u0433\u043e \u0446\u0432\u0435\u0442\u0430.", "description": "\u041a\u043e\u0440\u043e\u0431\u043e\u0447\u043a\u0430 \u0434\u043b\u044f 1 \u043a\u043e\u043b\u044c\u0446\u0430 \u0438\u043c\u0435\u0435\u0442 \u0440\u0430\u0437\u043c\u0435\u0440 35\u043c\u043c*35\u043c\u043c*35\u043c\u043c \u0438 \u043f\u043e\u0434\u0445\u043e\u0434\u0438\u0442 \u0434\u043b\u044f \u043a\u043e\u043b\u044c\u0446\u0430 \u0434\u0438\u0430\u043c\u0435\u0442\u0440\u043e\u043c \u0438 \u0432\u044b\u0441\u043e\u0442\u043e\u0439 \u043d\u0435 \u0431\u043e\u043b\u0435\u0435 25\u043c\u043c \u0438 \u0442\u043e\u043b\u0449\u0438\u043d\u043e\u0439 \u043d\u0435 \u0431\u043e\u043b\u0435\u0435 7\u043c\u043c.", "price": "1200.00", "quantity": 4, "is_active": true}}, {"model": "authapp.shopuser", "pk": 1, "fields": {"password": "pbkdf2_sha256$100000$OPCSTjhsIUn2$k/DS3d7hU/F82i3HPrakMASc9tHDmnSRZgjzdJa6i4A=", "last_login": "2019-09-14T20:19:58.751Z", "is_superuser": true, "username": "django", "first_name": "\u0410\u0434\u043c\u0438\u043d", "last_name": "", "email": "django@shop.local", "is_staff": true, "is_active": true, "date_joined": "2019-09-07T21:29:30.722Z", "avatar": "", "age": 31, "activation_key": "", "activation_key_expires": "2019-09-09T21:29:30.583Z", "groups": [], "user_permissions": []}}, {"model": "authapp.shopuserprofile", "pk": 1, "fields": {"user": 1, "tagline": "", "aboutMe": "", "gender": ""}}, {"model": "basketapp.basket", "pk": 31, "fields": {"user": 1, "product": 4, "quantity": 9, "add_datetime": "2019-09-17T11:03:21.173Z"}}, {"model": "basketapp.basket", "pk": 32, "fields": {"user": 1, "product": 7, "quantity": 1, "add_datetime": "2019-09-17T15:10:45.592Z"}}, {"model": "ordersapp.order", "pk": 1, "fields": {"user": 1, "created": "2019-09-07T21:30:08.084Z", "updated": "2019-09-10T04:01:39.186Z", "status": "FM", "is_active": true}}, {"model": "ordersapp.order", "pk": 2, "fields": {"user": 1, "created": "2019-09-10T04:12:12.943Z", "updated": "2019-09-10T04:12:13.288Z", "status": "FM", "is_active": true}}, {"model": "ordersapp.order", "pk": 3, "fields": {"user": 1, "created": "2019-09-10T18:47:52.204Z", "updated": "2019-09-10T18:47:52.365Z", "status": "FM", "is_active": true}}, {"model": "ordersapp.order", "pk": 4, "fields": {"user": 1, "created": "2019-09-10T18:48:01.631Z", "updated": "2019-09-10T18:48:01.785Z", "status": "FM", "is_active": true}}, {"model": "ordersapp.order", "pk": 5, "fields": {"user": 1, "created": "2019-09-10T18:48:22.063Z", "updated": "2019-09-10T18:48:22.216Z", "status": "FM", "is_active": true}}, {"model": "ordersapp.order", "pk": 6, "fields": {"user": 1, "created": "2019-09-10T18:48:46.784Z", "updated": "2019-09-10T18:48:47.042Z", "status": "FM", "is_active": true}}, {"model": "ordersapp.order", "pk": 7, "fields": {"user": 1, "created": "2019-09-10T18:49:09.807Z", "updated": "2019-09-10T18:49:10.158Z", "status": "FM", "is_active": true}}, {"model": "ordersapp.order", "pk": 8, "fields": {"user": 1, "created": "2019-09-10T18:49:38.268Z", "updated": "2019-09-10T18:49:38.596Z", "status": "FM", "is_active": true}}, {"model": "ordersapp.order", "pk": 10, "fields": {"user": 1, "created": "2019-09-10T18:53:19.925Z", "updated": "2019-09-10T18:53:20.035Z", "status": "FM", "is_active": false}}, {"model": "ordersapp.order", "pk": 11, "fields": {"user": 1, "created": "2019-09-10T18:53:30.078Z", "updated": "2019-09-10T18:57:41.302Z", "status": "FM", "is_active": true}}, {"model": "ordersapp.order", "pk": 12, "fields": {"user": 1, "created": "2019-09-10T18:53:37.578Z", "updated": "2019-09-10T18:53:37.733Z", "status": "FM", "is_active": true}}, {"model": "ordersapp.order", "pk": 13, "fields": {"user": 1, "created": "2019-09-10T18:53:46.141Z", "updated": "2019-09-10T18:53:46.308Z", "status": "FM", "is_active": true}}, {"model": "ordersapp.order", "pk": 14, "fields": {"user": 1, "created": "2019-09-10T18:53:58.918Z", "updated": "2019-09-10T18:53:59.151Z", "status": "FM", "is_active": true}}, {"model": "ordersapp.order", "pk": 15, "fields": {"user": 1, "created": "2019-09-10T18:54:13.186Z", "updated": "2019-09-11T18:54:16.041Z", "status": "FM", "is_active": true}}, {"model": "ordersapp.order", "pk": 16, "fields": {"user": 1, "created": "2019-09-10T18:54:26.348Z", "updated": "2019-09-10T18:54:26.594Z", "status": "FM", "is_active": true}}, {"model": "ordersapp.order", "pk": 17, "fields": {"user": 1, "created": "2019-09-10T18:54:43.404Z", "updated": "2019-09-10T18:54:43.729Z", "status": "FM", "is_active": true}}, {"model": "ordersapp.order", "pk": 18, "fields": {"user": 1, "created": "2019-09-10T18:55:59.478Z", "updated": "2019-09-10T18:55:59.716Z", "status": "FM", "is_active": true}}, {"model": "ordersapp.order", "pk": 19, "fields": {"user": 1, "created": "2019-09-10T18:56:20.641Z", "updated": "2019-09-14T08:55:07.226Z", "status": "FM", "is_active": true}}, {"model": "ordersapp.order", "pk": 20, "fields": {"user": 1, "created": "2019-09-10T18:59:39.521Z", "updated": "2019-09-10T18:59:39.754Z", "status": "FM", "is_active": true}}, {"model": "ordersapp.order", "pk": 21, "fields": {"user": 1, "created": "2019-09-10T18:59:53.584Z", "updated": "2019-09-10T18:59:53.820Z", "status": "FM", "is_active": true}}, {"model": "ordersapp.order", "pk": 22, "fields": {"user": 1, "created": "2019-09-12T20:58:54.980Z", "updated": "2019-09-12T20:58:55.095Z", "status": "FM", "is_active": false}}, {"model": "ordersapp.order", "pk": 23, "fields": {"user": 1, "created": "2019-09-12T20:59:22.439Z", "updated": "2019-09-12T20:59:37.749Z", "status": "FM", "is_active": true}}, {"model": "ordersapp.order", "pk": 24, "fields": {"user": 1, "created": "2019-09-14T08:55:53.659Z", "updated": "2019-09-14T08:55:53.659Z", "status": "FM", "is_active": true}}, {"model": "ordersapp.order", "pk": 25, "fields": {"user": 1, "created": "2019-09-14T08:57:44.321Z", "updated": "2019-09-15T06:24:45.216Z", "status": "FM", "is_active": false}}, {"model": "ordersapp.order", "pk": 26, "fields": {"user": 1, "created": "2019-09-14T08:57:48.869Z", "updated": "2019-09-15T06:24:55.785Z", "status": "FM", "is_active": false}}, {"model": "ordersapp.order", "pk": 27, "fields": {"user": 1, "created": "2019-09-14T08:58:22.146Z", "updated": "2019-09-14T08:58:22.146Z", "status": "FM", "is_active": true}}, {"model": "ordersapp.order", "pk": 28, "fields": {"user": 1, "created": "2019-09-14T09:01:58.611Z", "updated": "2019-09-14T09:01:58.611Z", "status": "FM", "is_active": true}}, {"model": "ordersapp.order", "pk": 29, "fields": {"user": 1, "created": "2019-09-14T09:04:06.058Z", "updated": "2019-09-14T09:04:06.058Z", "status": "FM", "is_active": true}}, {"model": "ordersapp.order", "pk": 30, "fields": {"user": 1, "created": "2019-09-14T09:06:16.143Z", "updated": "2019-09-14T09:06:16.145Z", "status": "FM", "is_active": true}}, {"model": "ordersapp.order", "pk": 31, "fields": {"user": 1, "created": "2019-09-14T09:07:09.042Z", "updated": "2019-09-14T09:07:09.042Z", "status": "FM", "is_active": true}}, {"model": "ordersapp.order", "pk": 32, "fields": {"user": 1, "created": "2019-09-14T09:08:18.732Z", "updated": "2019-09-14T09:08:18.732Z", "status": "FM", "is_active": true}}, {"model": "ordersapp.order", "pk": 33, "fields": {"user": 1, "created": "2019-09-14T09:11:43.904Z", "updated": "2019-09-15T06:44:22.133Z", "status": "FM", "is_active": false}}, {"model": "ordersapp.order", "pk": 34, "fields": {"user": 1, "created": "2019-09-14T09:20:36.426Z", "updated": "2019-09-15T06:22:14.522Z", "status": "FM", "is_active": true}}, {"model": "ordersapp.order", "pk": 35, "fields": {"user": 1, "created": "2019-09-14T09:22:55.907Z", "updated": "2019-09-14T09:22:55.907Z", "status": "FM", "is_active": true}}, {"model": "ordersapp.order", "pk": 36, "fields": {"user": 1, "created": "2019-09-14T09:25:01.703Z", "updated": "2019-09-14T09:25:01.704Z", "status": "FM", "is_active": true}}, {"model": "ordersapp.order", "pk": 37, "fields": {"user": 1, "created": "2019-09-14T09:30:23.476Z", "updated": "2019-09-14T09:30:23.476Z", "status": "FM", "is_active": true}}, {"model": "ordersapp.order", "pk": 38, "fields": {"user": 1, "created": "2019-09-14T16:23:57.466Z", "updated": "2019-09-14T16:23:57.466Z", "status": "FM", "is_active": true}}, {"model": "ordersapp.order", "pk": 39, "fields": {"user": 1, "created": "2019-09-14T16:28:59.463Z", "updated": "2019-09-14T16:28:59.463Z", "status": "FM", "is_active": true}}, {"model": "ordersapp.order", "pk": 40, "fields": {"user": 1, "created": "2019-09-14T16:30:43.612Z", "updated": "2019-09-14T16:30:43.612Z", "status": "FM", "is_active": true}}, {"model": "ordersapp.order", "pk": 41, "fields": {"user": 1, "created": "2019-09-14T16:32:00.125Z", "updated": "2019-09-14T16:32:00.125Z", "status": "FM", "is_active": true}}, {"model": "ordersapp.order", "pk": 42, "fields": {"user": 1, "created": "2019-09-14T16:45:19.556Z", "updated": "2019-09-14T16:45:19.556Z", "status": "FM", "is_active": true}}, {"model": "ordersapp.order", "pk": 43, "fields": {"user": 1, "created": "2019-09-14T16:48:48.639Z", "updated": "2019-09-14T16:51:28.150Z", "status": "FM", "is_active": false}}, {"model": "ordersapp.order", "pk": 44, "fields": {"user": 1, "created": "2019-09-14T16:49:06.126Z", "updated": "2019-09-14T16:49:06.359Z", "status": "FM", "is_active": false}}, {"model": "ordersapp.order", "pk": 45, "fields": {"user": 1, "created": "2019-09-17T09:33:13.718Z", "updated": "2019-09-17T09:33:14.002Z", "status": "FM", "is_active": true}}, {"model": "ordersapp.order", "pk": 46, "fields": {"user": 1, "created": "2019-09-17T09:52:06.861Z", "updated": "2019-09-17T09:52:07.431Z", "status": "FM", "is_active": true}}, {"model": "ordersapp.order", "pk": 47, "fields": {"user": 1, "created": "2019-09-17T09:57:56.735Z", "updated": "2019-09-17T09:58:05.446Z", "status": "FM", "is_active": false}}, {"model": "ordersapp.orderitem", "pk": 1, "fields": {"order": 1, "product": 6, "quantity": 1}}, {"model": "ordersapp.orderitem", "pk": 2, "fields": {"order": 2, "product": 4, "quantity": 1}}, {"model": "ordersapp.orderitem", "pk": 3, "fields": {"order": 2, "product": 5, "quantity": 1}}, {"model": "ordersapp.orderitem", "pk": 4, "fields": {"order": 2, "product": 7, "quantity": 1}}, {"model": "ordersapp.orderitem", "pk": 5, "fields": {"order": 3, "product": 8, "quantity": 1}}, {"model": "ordersapp.orderitem", "pk": 6, "fields": {"order": 4, "product": 6, "quantity": 2}}, {"model": "ordersapp.orderitem", "pk": 7, "fields": {"order": 5, "product": 2, "quantity": 2}}, {"model": "ordersapp.orderitem", "pk": 8, "fields": {"order": 6, "product": 7, "quantity": 2}}, {"model": "ordersapp.orderitem", "pk": 9, "fields": {"order": 6, "product": 8, "quantity": 1}}, {"model": "ordersapp.orderitem", "pk": 10, "fields": {"order": 7, "product": 3, "quantity": 1}}, {"model": "ordersapp.orderitem", "pk": 11, "fields": {"order": 7, "product": 5, "quantity": 1}}, {"model": "ordersapp.orderitem", "pk": 12, "fields": {"order": 7, "product": 5, "quantity": 1}}, {"model": "ordersapp.orderitem", "pk": 13, "fields": {"order": 8, "product": 1, "quantity": 2}}, {"model": "ordersapp.orderitem", "pk": 14, "fields": {"order": 8, "product": 2, "quantity": 1}}, {"model": "ordersapp.orderitem", "pk": 15, "fields": {"order": 8, "product": 3, "quantity": 1}}, {"model": "ordersapp.orderitem", "pk": 17, "fields": {"order": 11, "product": 8, "quantity": 2}}, {"model": "ordersapp.orderitem", "pk": 18, "fields": {"order": 12, "product": 4, "quantity": 2}}, {"model": "ordersapp.orderitem", "pk": 19, "fields": {"order": 13, "product": 1, "quantity": 3}}, {"model": "ordersapp.orderitem", "pk": 20, "fields": {"order": 14, "product": 3, "quantity": 2}}, {"model": "ordersapp.orderitem", "pk": 21, "fields": {"order": 14, "product": 6, "quantity": 1}}, {"model": "ordersapp.orderitem", "pk": 22, "fields": {"order": 15, "product": 1, "quantity": 1}}, {"model": "ordersapp.orderitem", "pk": 23, "fields": {"order": 15, "product": 2, "quantity": 2}}, {"model": "ordersapp.orderitem", "pk": 24, "fields": {"order": 16, "product": 5, "quantity": 2}}, {"model": "ordersapp.orderitem", "pk": 25, "fields": {"order": 16, "product": 7, "quantity": 1}}, {"model": "ordersapp.orderitem", "pk": 26, "fields": {"order": 17, "product": 5, "quantity": 1}}, {"model": "ordersapp.orderitem", "pk": 27, "fields": {"order": 17, "product": 8, "quantity": 2}}, {"model": "ordersapp.orderitem", "pk": 28, "fields": {"order": 17, "product": 4, "quantity": 2}}, {"model": "ordersapp.orderitem", "pk": 29, "fields": {"order": 18, "product": 5, "quantity": 3}}, {"model": "ordersapp.orderitem", "pk": 30, "fields": {"order": 18, "product": 8, "quantity": 1}}, {"model": "ordersapp.orderitem", "pk": 31, "fields": {"order": 19, "product": 5, "quantity": 2}}, {"model": "ordersapp.orderitem", "pk": 32, "fields": {"order": 19, "product": 4, "quantity": 1}}, {"model": "ordersapp.orderitem", "pk": 33, "fields": {"order": 20, "product": 1, "quantity": 1}}, {"model": "ordersapp.orderitem", "pk": 34, "fields": {"order": 20, "product": 7, "quantity": 1}}, {"model": "ordersapp.orderitem", "pk": 35, "fields": {"order": 21, "product": 7, "quantity": 1}}, {"model": "ordersapp.orderitem", "pk": 36, "fields": {"order": 21, "product": 3, "quantity": 1}}, {"model": "ordersapp.orderitem", "pk": 37, "fields": {"order": 23, "product": 1, "quantity": 2}}, {"model": "ordersapp.orderitem", "pk": 38, "fields": {"order": 24, "product": 5, "quantity": 1}}, {"model": "ordersapp.orderitem", "pk": 39, "fields": {"order": 27, "product": 2, "quantity": 1}}, {"model": "ordersapp.orderitem", "pk": 40, "fields": {"order": 28, "product": 1, "quantity": 1}}, {"model": "ordersapp.orderitem", "pk": 41, "fields": {"order": 29, "product": 2, "quantity": 1}}, {"model": "ordersapp.orderitem", "pk": 42, "fields": {"order": 30, "product": 1, "quantity": 1}}, {"model": "ordersapp.orderitem", "pk": 43, "fields": {"order": 31, "product": 6, "quantity": 1}}, {"model": "ordersapp.orderitem", "pk": 44, "fields": {"order": 32, "product": 1, "quantity": 1}}, {"model": "ordersapp.orderitem", "pk": 45, "fields": {"order": 34, "product": 2, "quantity": 2}}, {"model": "ordersapp.orderitem", "pk": 46, "fields": {"order": 35, "product": 5, "quantity": 1}}, {"model": "ordersapp.orderitem", "pk": 47, "fields": {"order": 36, "product": 2, "quantity": 1}}, {"model": "ordersapp.orderitem", "pk": 48, "fields": {"order": 37, "product": 1, "quantity": 1}}, {"model": "ordersapp.orderitem", "pk": 49, "fields": {"order": 38, "product": 6, "quantity": 1}}, {"model": "ordersapp.orderitem", "pk": 50, "fields": {"order": 39, "product": 5, "quantity": 1}}, {"model": "ordersapp.orderitem", "pk": 51, "fields": {"order": 40, "product": 2, "quantity": 2}}, {"model": "ordersapp.orderitem", "pk": 52, "fields": {"order": 41, "product": 7, "quantity": 1}}, {"model": "ordersapp.orderitem", "pk": 53, "fields": {"order": 42, "product": 1, "quantity": 1}}, {"model": "ordersapp.orderitem", "pk": 54, "fields": {"order": 43, "product": 6, "quantity": 1}}, {"model": "ordersapp.orderitem", "pk": 55, "fields": {"order": 44, "product": 1, "quantity": 0}}, {"model": "ordersapp.orderitem", "pk": 56, "fields": {"order": 45, "product": 8, "quantity": 3}}, {"model": "ordersapp.orderitem", "pk": 57, "fields": {"order": 45, "product": 7, "quantity": 2}}, {"model": "ordersapp.orderitem", "pk": 58, "fields": {"order": 46, "product": 8, "quantity": 4}}, {"model": "ordersapp.orderitem", "pk": 59, "fields": {"order": 46, "product": 6, "quantity": 2}}, {"model": "ordersapp.orderitem", "pk": 60, "fields": {"order": 46, "product": 3, "quantity": 3}}, {"model": "ordersapp.orderitem", "pk": 61, "fields": {"order": 46, "product": 2, "quantity": 5}}, {"model": "ordersapp.orderitem", "pk": 62, "fields": {"order": 46, "product": 5, "quantity": 1}}, {"model": "ordersapp.orderitem", "pk": 63, "fields": {"order": 47, "product": 2, "quantity": 3}}]